{
  "anomaly_auroc": 0.7922773546900236,
  "accuracy": 0.9605,
  "classification_report": {
    "benign": {
      "precision": 0.97,
      "recall": 0.9810366624525917,
      "f1-score": 0.9754871150219987,
      "support": 1582.0
    },
    "brute_force": {
      "precision": 0.826530612244898,
      "recall": 0.7864077669902912,
      "f1-score": 0.8059701492537313,
      "support": 103.0
    },
    "ddos": {
      "precision": 0.9710144927536232,
      "recall": 0.8375,
      "f1-score": 0.8993288590604027,
      "support": 80.0
    },
    "dns_tunnel": {
      "precision": 0.8148148148148148,
      "recall": 0.7586206896551724,
      "f1-score": 0.7857142857142857,
      "support": 58.0
    },
    "exfiltration": {
      "precision": 0.9795918367346939,
      "recall": 1.0,
      "f1-score": 0.9896907216494846,
      "support": 48.0
    },
    "port_scan": {
      "precision": 0.9923076923076923,
      "recall": 1.0,
      "f1-score": 0.9961389961389961,
      "support": 129.0
    },
    "accuracy": 0.9605,
    "macro avg": {
      "precision": 0.9257099081426204,
      "recall": 0.8939275198496759,
      "f1-score": 0.9087216878064832,
      "support": 2000.0
    },
    "weighted avg": {
      "precision": 0.9598205861058657,
      "recall": 0.9605,
      "f1-score": 0.9598801818876515,
      "support": 2000.0
    }
  },
  "confusion_matrix": {
    "labels": [
      "benign",
      "port_scan",
      "brute_force",
      "dns_tunnel",
      "exfiltration",
      "ddos"
    ],
    "matrix": [
      [
        1552,
        1,
        17,
        10,
        0,
        2
      ],
      [
        0,
        129,
        0,
        0,
        0,
        0
      ],
      [
        22,
        0,
        81,
        0,
        0,
        0
      ],
      [
        14,
        0,
        0,
        44,
        0,
        0
      ],
      [
        0,
        0,
        0,
        0,
        48,
        0
      ],
      [
        12,
        0,
        0,
        0,
        1,
        67
      ]
    ]
  }
}