Model,Accuracy,Precision,Recall,F1_macro
Logistic Regression,0.9211,0.84828636188034,0.738140421191766,0.7699095676728773
Decision Tree,0.945,0.8778917851125628,0.8552738256312624,0.8643243770199284
Random Forest,0.95,0.9284262067798027,0.8183752429834094,0.8587362312959291
Gradient Boosting,0.9571,0.922947430836546,0.8692242966809586,0.8906523607020876
SVM,0.9010999999999999,0.7220282770330979,0.6501635178811326,0.6660131728312837
