Model,Accuracy,Precision,Recall,F1_macro
Logistic Regression,0.8825,0.6966353921407945,0.6293025979889275,0.6423116346778769
Decision Tree,0.9355,0.8671274612267386,0.8387156792817556,0.8418657672797204
Random Forest,0.9334999999999999,0.9280733404125288,0.7523806617098555,0.8053198410745936
Gradient Boosting,0.932,0.8831790955397816,0.7785139610722409,0.809346939268855
SVM,0.868,0.6947252773152351,0.5686474319197437,0.5980910970458633
