Model,AUROC,AP,BestF1
Isolation Forest,0.7433872764948706,0.4280284145158177,0.4860204428824761
One-Class SVM,0.6898874575431921,0.3973777105404766,0.4477501153015103
Local Outlier Factor,0.5374820132951358,0.2841332889601077,0.3709775625571462
